{"cameraMode":{"drawMode":0,"name":"Shaded","section":"Shading Mode"},"sceneLighting":true,"audioPlay":false,"sceneViewState":{"showFog":true,"showMaterialUpdate":true,"showSkybox":true,"showFlares":true,"showImageEffects":true,"showParticleSystems":true},"in2DMode":false,"pivot":{"x":1.2943850755691529,"y":0.7669623494148254,"z":-2.4267895221710207},"rotation":{"x":0.23180532455444337,"y":-0.4767862558364868,"z":0.1319546103477478,"w":0.8375738263130188},"size":2.0633809566497804,"orthographic":true}